,index,url,supermarket,referencia
0,1718,https://www.carrefour.es/supermercado/gazpacho-suave-sin-pepino-extra-carrefour-sin-gluten-1-l/R-521030391/p,carrefour-es,100000
1,1838,https://www.carrefour.es/supermercado/lavavajillas-a-mano-aroma-aloe-vera-y-pepino-fairy-650-ml/R-prod370572/p,carrefour-es,100001
134,2784,https://www.carrefour.es/supermercado/lavavajillas-a-mano-aroma-aloe-vera-y-pepino-fairy-1015-ml/R-prod371746/p,carrefour-es,100002
193,4099,https://www.dia.es/compra-online/cuidado-personal/bano-e-higiene-personal/desodorantes/p/246287,dia-es,100003
44,160,https://www.carrefour.es/supermercado/tarrito-de-verduritas-con-delicias-de-pavo-desde-6-meses-hero-baby-sin-aceite-de-palma-235-g/R-521034211/p,carrefour-es,100004
453,160,https://www.dia.es/compra-online/bebidas/refrescos/p/284287,dia-es,100005
45,189,https://www.carrefour.es/supermercado/comida-humeda-de-pavo-con-zanahorias-para-perros-adultos-carrefour-300-g/R-720861035/p,carrefour-es,100006
46,486,https://www.carrefour.es/supermercado/solomillo-de-pavo-750-g-aprox/R-prod920183/p,carrefour-es,100007
47,491,https://www.carrefour.es/supermercado/pechuga-de-pavo-fileteada-carrefour-600-g-aprox/R-prod920182/p,carrefour-es,100008
48,576,https://www.carrefour.es/supermercado/salchichas-de-pavo-oscar-mayers-wieners-sin-gluten-sin-lactosa-200-g/R-521031129/p,carrefour-es,100009
49,622,https://www.carrefour.es/supermercado/cordon-bleu-de-pechuga-de-pollo-pavo-y-queso-400-g/R-VC4AECOMM-605127/p,carrefour-es,100010
50,1091,https://www.carrefour.es/supermercado/tarrito-de-pavo-con-verduras-desde-6-meses-ecologico-smileat-sin-gluten-230-g/R-846800388/p,carrefour-es,100011
250,1091,https://www.dia.es/compra-online/frescos/charcuteria-y-quesos/curados/p/273984,dia-es,100012
51,1406,https://www.carrefour.es/supermercado/flautas-de-pavo-pollo-y-queso-280-g/R-719204071/p,carrefour-es,100013
52,1506,https://www.carrefour.es/supermercado/pechuga-de-pavo-en-lonchas-finas-campofrio-finissimas-sin-gluten-sin-lactosa-170-g/R-VC4AECOMM-695362/p,carrefour-es,100014
53,1507,https://www.carrefour.es/supermercado/pechuga-de-pavo-en-lonchas-el-pozo-sin-gluten-200-g/R-VC4AECOMM-710119/p,carrefour-es,100015
54,1508,https://www.carrefour.es/supermercado/pechuga-de-pavo-bajo-en-grasa-y-sal-en-finas-lonchas-noel-sin-gluten-y-sin-lactosa-170-g/R-prod63744/p,carrefour-es,100016
64,1508,https://www.carrefour.es/supermercado/pechuga-de-pavo-bajo-en-grasa-y-sal-en-finas-lonchas-noel-sin-gluten-y-sin-lactosa-170-g/R-prod63744/p,carrefour-es,100017
55,1509,https://www.carrefour.es/supermercado/pechuga-de-pavo-en-finas-lonchas-el-pozo-bienstar-85-g/R-VC4AECOMM-710670/p,carrefour-es,100018
54,1508,https://www.carrefour.es/supermercado/pechuga-de-pavo-bajo-en-grasa-y-sal-en-finas-lonchas-noel-sin-gluten-y-sin-lactosa-170-g/R-prod63744/p,carrefour-es,100019
64,1508,https://www.carrefour.es/supermercado/pechuga-de-pavo-bajo-en-grasa-y-sal-en-finas-lonchas-noel-sin-gluten-y-sin-lactosa-170-g/R-prod63744/p,carrefour-es,100020
244,1056,https://www.dia.es/compra-online/frescos/charcuteria-y-quesos/curados/p/273994,dia-es,100021
271,1056,https://www.dia.es/compra-online/frescos/charcuteria-y-quesos/curados/p/273994,dia-es,100022
267,571,https://www.dia.es/compra-online/mascotas/gatos/p/220419,dia-es,100023
268,1016,https://www.dia.es/compra-online/frescos/carne/pavo/p/261352,dia-es,100024
269,1017,https://www.dia.es/compra-online/frescos/carne/pavo/p/269546,dia-es,100025
270,1018,https://www.dia.es/compra-online/frescos/carne/pavo/p/147147,dia-es,100026
244,1056,https://www.dia.es/compra-online/frescos/charcuteria-y-quesos/curados/p/273994,dia-es,100027
271,1056,https://www.dia.es/compra-online/frescos/charcuteria-y-quesos/curados/p/273994,dia-es,100028
272,1057,https://www.dia.es/compra-online/frescos/charcuteria-y-quesos/curados/p/274142,dia-es,100029
273,2051,https://www.dia.es/compra-online/mascotas/gatos/p/277529,dia-es,100030
274,2079,https://www.dia.es/compra-online/mascotas/gatos/p/257249,dia-es,100031
275,2100,https://www.dia.es/compra-online/mascotas/gatos/p/146349,dia-es,100032
868,2100,https://tienda.mercadona.es/product/2185/oreja-cerdo-cocida-adobada-rogusa-paquete,mercadona-es,100033
276,2103,https://www.dia.es/compra-online/mascotas/gatos/p/70292,dia-es,100034
1104,2103,https://tienda.mercadona.es/product/21235/lagrimitas-pollo-limon-empanadas-sin-gluten-bandeja,mercadona-es,100035
277,2401,https://www.dia.es/compra-online/bebe/potitos-y-tarritos/p/130098,dia-es,100036
278,2502,https://www.dia.es/compra-online/mascotas/perros/p/128782,dia-es,100037
279,2542,https://www.dia.es/compra-online/frescos/carne/pavo/p/261350,dia-es,100038
280,2543,https://www.dia.es/compra-online/frescos/carne/pavo/p/261349,dia-es,100039
281,2544,https://www.dia.es/compra-online/frescos/carne/pavo/p/186193,dia-es,100040
282,2545,https://www.dia.es/compra-online/frescos/carne/pavo/p/71825,dia-es,100041
283,3044,https://www.dia.es/compra-online/frescos/charcuteria-y-quesos/cocidos/p/273955,dia-es,100042
342,3044,https://www.dia.es/compra-online/frescos/charcuteria-y-quesos/cocidos/p/273955,dia-es,100043
284,3049,https://www.dia.es/compra-online/frescos/charcuteria-y-quesos/cocidos/p/288885,dia-es,100044
285,3051,https://www.dia.es/compra-online/frescos/charcuteria-y-quesos/cocidos/p/162106,dia-es,100045
286,3052,https://www.dia.es/compra-online/frescos/charcuteria-y-quesos/cocidos/p/178002,dia-es,100046
287,3059,https://www.dia.es/compra-online/frescos/charcuteria-y-quesos/cocidos/p/131775,dia-es,100047
288,3076,https://www.dia.es/compra-online/frescos/charcuteria-y-quesos/cocidos/p/273965,dia-es,100048
289,3081,https://www.dia.es/compra-online/frescos/charcuteria-y-quesos/cocidos/p/288206,dia-es,100049
1046,3081,https://tienda.mercadona.es/product/83843.2/pan-nueces-85-rebanado,mercadona-es,100050
290,3082,https://www.dia.es/compra-online/frescos/charcuteria-y-quesos/cocidos/p/161324,dia-es,100051
344,3082,https://www.dia.es/compra-online/frescos/charcuteria-y-quesos/cocidos/p/161324,dia-es,100052
291,3085,https://www.dia.es/compra-online/frescos/charcuteria-y-quesos/cocidos/p/187756,dia-es,100053
292,3087,https://www.dia.es/compra-online/frescos/charcuteria-y-quesos/cocidos/p/125952,dia-es,100054
293,3093,https://www.dia.es/compra-online/frescos/charcuteria-y-quesos/cocidos/p/74043,dia-es,100055
1254,3093,https://tienda.mercadona.es/product/68138/natillas-chocolate-con-leche-hacendado-pack-4,mercadona-es,100056
294,4200,https://www.dia.es/compra-online/bebe/potitos-y-tarritos/p/286898,dia-es,100057
295,4234,https://www.dia.es/compra-online/bebe/potitos-y-tarritos/p/289578,dia-es,100058
296,4751,https://www.dia.es/compra-online/frescos/charcuteria-y-quesos/cocidos/p/220711,dia-es,100059
297,4753,https://www.dia.es/compra-online/frescos/charcuteria-y-quesos/cocidos/p/256940,dia-es,100060
298,4759,https://www.dia.es/compra-online/frescos/charcuteria-y-quesos/cocidos/p/273733,dia-es,100061
299,4761,https://www.dia.es/compra-online/frescos/charcuteria-y-quesos/cocidos/p/273731,dia-es,100062
353,4761,https://www.dia.es/compra-online/frescos/charcuteria-y-quesos/cocidos/p/273731,dia-es,100063
300,4766,https://www.dia.es/compra-online/frescos/charcuteria-y-quesos/cocidos/p/273954,dia-es,100064
301,4769,https://www.dia.es/compra-online/frescos/charcuteria-y-quesos/cocidos/p/273964,dia-es,100065
302,4783,https://www.dia.es/compra-online/frescos/charcuteria-y-quesos/cocidos/p/226215,dia-es,100066
303,4784,https://www.dia.es/compra-online/frescos/charcuteria-y-quesos/cocidos/p/255685,dia-es,100067
304,4785,https://www.dia.es/compra-online/frescos/charcuteria-y-quesos/cocidos/p/273145,dia-es,100068
354,4785,https://www.dia.es/compra-online/frescos/charcuteria-y-quesos/cocidos/p/273145,dia-es,100069
305,4788,https://www.dia.es/compra-online/frescos/charcuteria-y-quesos/cocidos/p/273732,dia-es,100070
306,4798,https://www.dia.es/compra-online/frescos/charcuteria-y-quesos/cocidos/p/273810,dia-es,100071
307,4799,https://www.dia.es/compra-online/frescos/charcuteria-y-quesos/cocidos/p/273953,dia-es,100072
308,4800,https://www.dia.es/compra-online/frescos/charcuteria-y-quesos/cocidos/p/273952,dia-es,100073
309,4802,https://www.dia.es/compra-online/frescos/charcuteria-y-quesos/cocidos/p/273956,dia-es,100074
283,3044,https://www.dia.es/compra-online/frescos/charcuteria-y-quesos/cocidos/p/273955,dia-es,100075
342,3044,https://www.dia.es/compra-online/frescos/charcuteria-y-quesos/cocidos/p/273955,dia-es,100076
290,3082,https://www.dia.es/compra-online/frescos/charcuteria-y-quesos/cocidos/p/161324,dia-es,100077
344,3082,https://www.dia.es/compra-online/frescos/charcuteria-y-quesos/cocidos/p/161324,dia-es,100078
299,4761,https://www.dia.es/compra-online/frescos/charcuteria-y-quesos/cocidos/p/273731,dia-es,100079
353,4761,https://www.dia.es/compra-online/frescos/charcuteria-y-quesos/cocidos/p/273731,dia-es,100080
304,4785,https://www.dia.es/compra-online/frescos/charcuteria-y-quesos/cocidos/p/273145,dia-es,100081
354,4785,https://www.dia.es/compra-online/frescos/charcuteria-y-quesos/cocidos/p/273145,dia-es,100082
850,1439,https://tienda.mercadona.es/product/52884/salchichas-cocidas-con-leche-campofrio-pollo-cerdo-pavo-paquete,mercadona-es,100083
956,1439,https://tienda.mercadona.es/product/52884/salchichas-cocidas-con-leche-campofrio-pollo-cerdo-pavo-paquete,mercadona-es,100084
914,4056,https://tienda.mercadona.es/product/53140/pechuga-pavo-horno-lena-campofrio-lonchas-pavofrio-paquete,mercadona-es,100085
984,4056,https://tienda.mercadona.es/product/53140/pechuga-pavo-horno-lena-campofrio-lonchas-pavofrio-paquete,mercadona-es,100086
936,60,https://tienda.mercadona.es/product/52094/bocaditos-salsa-gato-adulto-delikuit-con-pollo-pavo-verduras-bote,mercadona-es,100087
1050,60,https://tienda.mercadona.es/product/52094/bocaditos-salsa-gato-adulto-delikuit-con-pollo-pavo-verduras-bote,mercadona-es,100088
937,61,https://tienda.mercadona.es/product/52070/pate-gato-junior-delikuit-con-pollo-pavo-tarrina,mercadona-es,100089
938,63,https://tienda.mercadona.es/product/52091/pate-gato-adulto-delikuit-con-pollo-pavo-bote,mercadona-es,100090
939,66,https://tienda.mercadona.es/product/22007/bocaditos-gelatina-gato-junior-delikuit-con-pollo-pavo-paquete,mercadona-es,100091
450,83,https://www.dia.es/compra-online/bebidas/bebidas-isotonicas-y-energeticas/p/145040,dia-es,100092
940,83,https://tienda.mercadona.es/product/52148/snack-gato-barritas-compy-pato-pavo-pack-10,mercadona-es,100093
941,546,https://tienda.mercadona.es/product/52068/trozos-salsa-perro-adulto-delikuit-con-ternera-pavo-verduras-tarrina,mercadona-es,100094
1055,546,https://tienda.mercadona.es/product/52068/trozos-salsa-perro-adulto-delikuit-con-ternera-pavo-verduras-tarrina,mercadona-es,100095
550,926,https://www.dia.es/compra-online/dulces-de-navidad/turrones/p/265837,dia-es,100096
942,926,https://tienda.mercadona.es/product/25353/solomillo-pavo-marinado-congelado-paquete,mercadona-es,100097
554,937,https://www.dia.es/compra-online/dulces-de-navidad/turrones/p/284266,dia-es,100098
943,937,https://tienda.mercadona.es/product/25376/jamoncitos-pavo-duplo-congelados-paquete,mercadona-es,100099
944,950,https://tienda.mercadona.es/product/3976/burger-pavo-espinacas-bandeja,mercadona-es,100100
945,959,https://tienda.mercadona.es/product/2870/preparado-carne-picada-pollo-pavo-bandeja,mercadona-es,100101
32,962,https://www.carrefour.es/supermercado/papel-de-horno-en-rollo-carrefour-15-metros/R-prod392803/p,carrefour-es,100102
946,962,https://tienda.mercadona.es/product/63007/nuggets-pavo-hacendado-ultracongelados-paquete,mercadona-es,100103
947,1322,https://tienda.mercadona.es/product/4524/filetes-pechuga-pavo-procavi-corte-fino-bandeja,mercadona-es,100104
948,1323,https://tienda.mercadona.es/product/2792/tacos-pavo-bandeja,mercadona-es,100105
949,1324,https://tienda.mercadona.es/product/4109/filetes-pavo-contramuslo-procavi-bandeja,mercadona-es,100106
950,1353,https://tienda.mercadona.es/product/2794/filetes-pechuga-pavo-bandeja,mercadona-es,100107
951,1354,https://tienda.mercadona.es/product/4523/chuletas-pavo-contramuslo-bandeja,mercadona-es,100108
378,1355,https://www.dia.es/compra-online/despensa/salsas/mayonesa-y-otras-salsas/p/188047,dia-es,100109
952,1355,https://tienda.mercadona.es/product/25926/solomillo-pavo-bandeja,mercadona-es,100110
94,1358,https://www.carrefour.es/supermercado/carrefour-te-de-limon-botella-15-l/R-522714739/p,carrefour-es,100111
379,1358,https://www.dia.es/compra-online/despensa/salsas/mayonesa-y-otras-salsas/p/211072,dia-es,100112
953,1358,https://tienda.mercadona.es/product/4384/medallones-solomillo-pavo-procavi-bandeja,mercadona-es,100113
954,1409,https://tienda.mercadona.es/product/53056/salchichas-cocidas-hacendado-pollo-pavo-sabor-ahumado-pack-2,mercadona-es,100114
955,1412,https://tienda.mercadona.es/product/53059/salchichas-cocidas-bocata-hacendado-pollo-pavo-sabor-ahumado-pack-2,mercadona-es,100115
850,1439,https://tienda.mercadona.es/product/52884/salchichas-cocidas-con-leche-campofrio-pollo-cerdo-pavo-paquete,mercadona-es,100116
956,1439,https://tienda.mercadona.es/product/52884/salchichas-cocidas-con-leche-campofrio-pollo-cerdo-pavo-paquete,mercadona-es,100117
957,1441,https://tienda.mercadona.es/product/53060/salchichas-cocidas-hacendado-pollo-pavo-con-queso-sabor-ahumado-pack-2,mercadona-es,100118
958,2066,https://tienda.mercadona.es/product/3561/burger-pavo-pollo-bandeja,mercadona-es,100119
959,2075,https://tienda.mercadona.es/product/3452/preparado-carne-picada-pollo-pavo-bandeja,mercadona-es,100120
960,2087,https://tienda.mercadona.es/product/23306/fiambre-pechuga-pavo-adobada-bandeja,mercadona-es,100121
961,2093,https://tienda.mercadona.es/product/2837/chuletas-pavo-ajillo-bandeja,mercadona-es,100122
962,2094,https://tienda.mercadona.es/product/4156/brochetas-pavo-bandeja,mercadona-es,100123
963,2095,https://tienda.mercadona.es/product/2836/pechugas-pavo-pimenton-bandeja,mercadona-es,100124
964,2098,https://tienda.mercadona.es/product/3443/tacos-pavo-ajillo-bandeja,mercadona-es,100125
965,2173,https://tienda.mercadona.es/product/59252/pechuga-pavo-bajo-sal-hacendado-finas-lonchas-pack-2,mercadona-es,100126
1015,2173,https://tienda.mercadona.es/product/59252/pechuga-pavo-bajo-sal-hacendado-finas-lonchas-pack-2,mercadona-es,100127
619,2174,https://www.dia.es/compra-online/bebidas/batidos-y-horchata/p/266614,dia-es,100128
966,2174,https://tienda.mercadona.es/product/67972/pechuga-pavo-hacendado-finas-lonchas-pack-2,mercadona-es,100129
967,2175,https://tienda.mercadona.es/product/59159/salchichon-pavo-hacendado-lonchas-pack-4,mercadona-es,100130
968,2176,https://tienda.mercadona.es/product/59138/lomo-pavo-hacendado-lonchas-pack-4,mercadona-es,100131
620,2178,https://www.dia.es/compra-online/bebidas/batidos-y-horchata/p/115833,dia-es,100132
969,2178,https://tienda.mercadona.es/product/59222/dados-pavo-hacendado-pack-2,mercadona-es,100133
970,2180,https://tienda.mercadona.es/product/59336/mortadela-pavo-hacendado-finas-lonchas-paquete,mercadona-es,100134
971,2183,https://tienda.mercadona.es/product/59283/pechuga-pavo-noel-lonchas-muy-finas-paquete,mercadona-es,100135
972,2184,https://tienda.mercadona.es/product/59218/jamon-pavo-hacendado-pieza,mercadona-es,100136
973,2185,https://tienda.mercadona.es/product/59227/pechuga-pavo-bajo-sal-hacendado-pieza,mercadona-es,100137
1016,2185,https://tienda.mercadona.es/product/59227/pechuga-pavo-bajo-sal-hacendado-pieza,mercadona-es,100138
974,2563,https://tienda.mercadona.es/product/53147/salchichas-cocidas-solo-3-grasa-hacendado-pavo-sabor-ahumado-pack-2,mercadona-es,100139
975,2575,https://tienda.mercadona.es/product/59158/chorizo-pavo-hacendado-lonchas-pack-4,mercadona-es,100140
976,2636,https://tienda.mercadona.es/product/52181/crema-untar-pavo-hacendado-pack-2,mercadona-es,100141
977,3560,https://tienda.mercadona.es/product/52058/pate-perro-junior-delikuit-con-pollo-pavo-verduras-tarrina,mercadona-es,100142
978,3795,https://tienda.mercadona.es/product/9246/papilla-verduritas-con-delicias-pavo-hero-baby-natur-6-meses-tarrito,mercadona-es,100143
979,4049,https://tienda.mercadona.es/product/59247/pechuga-pavo-bajo-sal-hacendado-finas-lonchas-paquete,mercadona-es,100144
1024,4049,https://tienda.mercadona.es/product/59247/pechuga-pavo-bajo-sal-hacendado-finas-lonchas-paquete,mercadona-es,100145
980,4050,https://tienda.mercadona.es/product/59207/pechuga-pavo-hacendado-finas-lonchas-paquete,mercadona-es,100146
981,4051,https://tienda.mercadona.es/product/59230/pechuga-pavo-0-mg-hacendado-corte-paquete,mercadona-es,100147
982,4052,https://tienda.mercadona.es/product/59165/longaniza-pavo-extra-hacendado-lonchas-pack-4,mercadona-es,100148
983,4053,https://tienda.mercadona.es/product/56619/jamon-pavo-hacendado-finas-lonchas-paquete,mercadona-es,100149
914,4056,https://tienda.mercadona.es/product/53140/pechuga-pavo-horno-lena-campofrio-lonchas-pavofrio-paquete,mercadona-es,100150
984,4056,https://tienda.mercadona.es/product/53140/pechuga-pavo-horno-lena-campofrio-lonchas-pavofrio-paquete,mercadona-es,100151
985,4057,https://tienda.mercadona.es/product/59217/pechuga-pavo-0-mg-hacendado-pieza,mercadona-es,100152
986,4058,https://tienda.mercadona.es/product/59168/pechuga-pavo-natural-noel-lonchas-paquete,mercadona-es,100153
987,4060,https://tienda.mercadona.es/product/55136/longaniza-pavo-imperial-extra-hacendado-pieza,mercadona-es,100154
988,4062,https://tienda.mercadona.es/product/59089/pechuga-pavo-pimienta-hacendado-finas-lonchas-paquete,mercadona-es,100155
989,4063,https://tienda.mercadona.es/product/4577/fiambre-pechuga-pavo-sajonia-serrano-ahumado-natural-paquete,mercadona-es,100156
1025,4063,https://tienda.mercadona.es/product/4577/fiambre-pechuga-pavo-sajonia-serrano-ahumado-natural-paquete,mercadona-es,100157
990,4524,https://tienda.mercadona.es/product/59033/chorizo-pavo-imperial-extra-hacendado-pieza,mercadona-es,100158
965,2173,https://tienda.mercadona.es/product/59252/pechuga-pavo-bajo-sal-hacendado-finas-lonchas-pack-2,mercadona-es,100159
1015,2173,https://tienda.mercadona.es/product/59252/pechuga-pavo-bajo-sal-hacendado-finas-lonchas-pack-2,mercadona-es,100160
973,2185,https://tienda.mercadona.es/product/59227/pechuga-pavo-bajo-sal-hacendado-pieza,mercadona-es,100161
1016,2185,https://tienda.mercadona.es/product/59227/pechuga-pavo-bajo-sal-hacendado-pieza,mercadona-es,100162
979,4049,https://tienda.mercadona.es/product/59247/pechuga-pavo-bajo-sal-hacendado-finas-lonchas-paquete,mercadona-es,100163
1024,4049,https://tienda.mercadona.es/product/59247/pechuga-pavo-bajo-sal-hacendado-finas-lonchas-paquete,mercadona-es,100164
989,4063,https://tienda.mercadona.es/product/4577/fiambre-pechuga-pavo-sajonia-serrano-ahumado-natural-paquete,mercadona-es,100165
1025,4063,https://tienda.mercadona.es/product/4577/fiambre-pechuga-pavo-sajonia-serrano-ahumado-natural-paquete,mercadona-es,100166
936,60,https://tienda.mercadona.es/product/52094/bocaditos-salsa-gato-adulto-delikuit-con-pollo-pavo-verduras-bote,mercadona-es,100167
1050,60,https://tienda.mercadona.es/product/52094/bocaditos-salsa-gato-adulto-delikuit-con-pollo-pavo-verduras-bote,mercadona-es,100168
941,546,https://tienda.mercadona.es/product/52068/trozos-salsa-perro-adulto-delikuit-con-ternera-pavo-verduras-tarrina,mercadona-es,100169
1055,546,https://tienda.mercadona.es/product/52068/trozos-salsa-perro-adulto-delikuit-con-ternera-pavo-verduras-tarrina,mercadona-es,100170
414,2850,https://www.dia.es/compra-online/despensa/conservas/conservas-de-pescado/p/175329,dia-es,100171
445,2850,https://www.dia.es/compra-online/despensa/conservas/conservas-de-pescado/p/175329,dia-es,100172
434,4539,https://www.dia.es/compra-online/despensa/conservas/conservas-de-pescado/p/282685,dia-es,100173
446,4539,https://www.dia.es/compra-online/despensa/conservas/conservas-de-pescado/p/282685,dia-es,100174
414,2850,https://www.dia.es/compra-online/despensa/conservas/conservas-de-pescado/p/175329,dia-es,100175
445,2850,https://www.dia.es/compra-online/despensa/conservas/conservas-de-pescado/p/175329,dia-es,100176
434,4539,https://www.dia.es/compra-online/despensa/conservas/conservas-de-pescado/p/282685,dia-es,100177
446,4539,https://www.dia.es/compra-online/despensa/conservas/conservas-de-pescado/p/282685,dia-es,100178
447,4564,https://www.dia.es/compra-online/despensa/conservas/conservas-de-pescado/p/147678,dia-es,100179
4,382,https://www.carrefour.es/supermercado/magro-de-cerdo-iberico-cocido-lourino-200-g/R-521016166/p,carrefour-es,100180
928,382,https://tienda.mercadona.es/product/3387/media-calabaza-cacahuete-12-pieza,mercadona-es,100181
5,498,https://www.carrefour.es/supermercado/chuleta-de-aguja-de-cerdo-carrefour-1-kg-aprox/R-521032495/p,carrefour-es,100182
6,499,https://www.carrefour.es/supermercado/escalopin-de-lomo-de-cerdo-fresco-marinado-el-pozo-extratiernos-600-g/R-605301855/p,carrefour-es,100183
7,500,https://www.carrefour.es/supermercado/jamon-de-cerdo-troceado-carrefour-600-g-aprox/R-521032507/p,carrefour-es,100184
8,501,https://www.carrefour.es/supermercado/filete-de-cabeza-de-lomo-de-cerdo-carrefour-500-g-aprox/R-521034617/p,carrefour-es,100185
9,612,https://www.carrefour.es/supermercado/oreja-de-cerdo-cocida-adobada-carrefour-400-g/R-VC4AECOMM-586133/p,carrefour-es,100186
10,1340,https://www.carrefour.es/supermercado/cortezas-de-cerdo-fritas-classic-carrefour-sin-gluten-75-g/R-VC4AECOMM-731168/p,carrefour-es,100187
11,1342,https://www.carrefour.es/supermercado/morritos-de-cerdo-175-g/R-653301813/p,carrefour-es,100188
12,1528,https://www.carrefour.es/supermercado/pate-de-higado-de-cerdo-classic-carrefour-pack-de-4-unidades-de-78-g/R-521006577/p,carrefour-es,100189
13,1568,https://www.carrefour.es/supermercado/paleta-de-cerdo-asada-sin-hueso-benaojan-750-g-aprox/R-607402485/p,carrefour-es,100190
15,2374,https://www.carrefour.es/supermercado/solomillo-de-cerdo-carrefour-12-kg-aprox/R-VC4AECOMM-518437/p,carrefour-es,100191
19,2384,https://www.carrefour.es/supermercado/lomo-iberico-de-cerdo-adobado-200-g/R-530706179/p,carrefour-es,100192
23,2392,https://www.carrefour.es/supermercado/longaniza-blanca-de-cerdo-fresca-elpozo-650-g/R-521032764/p,carrefour-es,100193
1113,2392,https://tienda.mercadona.es/product/29044/refresco-limon-hacendado-fresh-gas-lata,mercadona-es,100194
25,2398,https://www.carrefour.es/supermercado/lomo-de-cerdo-adobado-al-horno-el-pozo-330-g/R-530706207/p,carrefour-es,100195
325,2398,https://www.dia.es/compra-online/cuidado-del-hogar/utensilios-de-limpieza/p/122122,dia-es,100196
26,2399,https://www.carrefour.es/supermercado/albondigas-de-cerdo-carrefour-400-g/R-526530170/p,carrefour-es,100197
194,1095,https://www.dia.es/compra-online/frescos/charcuteria-y-quesos/foie-pates-y-sobrasadas/p/278654,dia-es,100198
195,1126,https://www.dia.es/compra-online/despensa/pates-y-foies/p/278655,dia-es,100199
196,1532,https://www.dia.es/compra-online/frescos/carne/cerdo/p/210871,dia-es,100200
197,1533,https://www.dia.es/compra-online/frescos/carne/cerdo/p/221940,dia-es,100201
198,1534,https://www.dia.es/compra-online/frescos/carne/cerdo/p/260899,dia-es,100202
199,1536,https://www.dia.es/compra-online/frescos/carne/cerdo/p/271754,dia-es,100203
200,1539,https://www.dia.es/compra-online/frescos/carne/cerdo/p/284932,dia-es,100204
1187,1539,https://tienda.mercadona.es/product/73160/coloracion-permanente-579-marron-chocolate-deliplus-colorcor-caja,mercadona-es,100205
201,1540,https://www.dia.es/compra-online/frescos/carne/cerdo/p/288011,dia-es,100206
316,1540,https://www.dia.es/compra-online/frescos/carne/cerdo/p/288011,dia-es,100207
202,1542,https://www.dia.es/compra-online/frescos/carne/cerdo/p/162621,dia-es,100208
203,1955,https://www.dia.es/compra-online/despensa/pates-y-foies/p/128824,dia-es,100209
204,1956,https://www.dia.es/compra-online/despensa/pates-y-foies/p/56620,dia-es,100210
205,1957,https://www.dia.es/compra-online/despensa/pates-y-foies/p/61982,dia-es,100211
206,3035,https://www.dia.es/compra-online/frescos/carne/cerdo/p/260861,dia-es,100212
207,3036,https://www.dia.es/compra-online/frescos/carne/cerdo/p/261238,dia-es,100213
208,3039,https://www.dia.es/compra-online/frescos/carne/cerdo/p/276127,dia-es,100214
209,3040,https://www.dia.es/compra-online/frescos/carne/cerdo/p/284931,dia-es,100215
210,3041,https://www.dia.es/compra-online/frescos/carne/cerdo/p/287874,dia-es,100216
1020,3041,https://tienda.mercadona.es/product/82647/panecillo-ajo-04,mercadona-es,100217
211,3091,https://www.dia.es/compra-online/frescos/charcuteria-y-quesos/cocidos/p/66118,dia-es,100218
212,3442,https://www.dia.es/compra-online/despensa/aperitivos/p/277834,dia-es,100219
213,3445,https://www.dia.es/compra-online/despensa/pates-y-foies/p/21473,dia-es,100220
214,4744,https://www.dia.es/compra-online/frescos/carne/cerdo/p/134262,dia-es,100221
215,4745,https://www.dia.es/compra-online/frescos/carne/cerdo/p/46810,dia-es,100222
216,4746,https://www.dia.es/compra-online/frescos/carne/cerdo/p/77106,dia-es,100223
217,4747,https://www.dia.es/compra-online/frescos/carne/mixto/p/261241,dia-es,100224
218,4748,https://www.dia.es/compra-online/frescos/carne/mixto/p/272174,dia-es,100225
219,4772,https://www.dia.es/compra-online/frescos/carne/cerdo/p/166707,dia-es,100226
220,4773,https://www.dia.es/compra-online/frescos/carne/cerdo/p/11077,dia-es,100227
221,4774,https://www.dia.es/compra-online/frescos/carne/cerdo/p/113270,dia-es,100228
222,4776,https://www.dia.es/compra-online/frescos/carne/cerdo/p/144690,dia-es,100229
223,4777,https://www.dia.es/compra-online/frescos/carne/cerdo/p/77103,dia-es,100230
224,4778,https://www.dia.es/compra-online/frescos/carne/mixto/p/244789,dia-es,100231
225,4779,https://www.dia.es/compra-online/frescos/carne/mixto/p/261242,dia-es,100232
226,4780,https://www.dia.es/compra-online/frescos/carne/mixto/p/272177,dia-es,100233
201,1540,https://www.dia.es/compra-online/frescos/carne/cerdo/p/288011,dia-es,100234
316,1540,https://www.dia.es/compra-online/frescos/carne/cerdo/p/288011,dia-es,100235
818,916,https://tienda.mercadona.es/product/3497/arreglo-puchero-vacuno-cerdo-pollo-bandeja,mercadona-es,100236
819,919,https://tienda.mercadona.es/product/2851/manos-cerdo-bandeja,mercadona-es,100237
820,920,https://tienda.mercadona.es/product/2688/tocino-cerdo-bandeja,mercadona-es,100238
821,921,https://tienda.mercadona.es/product/1892/hueso-blanco-cerdo-salado-bandeja,mercadona-es,100239
822,922,https://tienda.mercadona.es/product/1423/preparado-cerdo-salado-bandeja,mercadona-es,100240
823,924,https://tienda.mercadona.es/product/1945/espinazo-cerdo-salado-bandeja,mercadona-es,100241
824,928,https://tienda.mercadona.es/product/2689/espinazo-cerdo-bandeja,mercadona-es,100242
825,931,https://tienda.mercadona.es/product/2635/rabo-cerdo-bandeja,mercadona-es,100243
553,935,https://www.dia.es/compra-online/dulces-de-navidad/turrones/p/273479,dia-es,100244
826,935,https://tienda.mercadona.es/product/4176/medallones-preparado-solomillo-cerdo-congelados-marinados-paquete,mercadona-es,100245
827,940,https://tienda.mercadona.es/product/4425/carrillada-cerdo-congelada-paquete,mercadona-es,100246
828,952,https://tienda.mercadona.es/product/3979/burger-vacuno-cerdo-gruesas-bandeja,mercadona-es,100247
829,953,https://tienda.mercadona.es/product/5139/burger-cerdo-iberico-gruesas-bandeja,mercadona-es,100248
830,956,https://tienda.mercadona.es/product/2869/preparado-carne-picada-vacuno-cerdo-bandeja,mercadona-es,100249
559,957,https://www.dia.es/compra-online/dulces-de-navidad/surtidos-navidenos/p/277632,dia-es,100250
831,957,https://tienda.mercadona.es/product/2867/preparado-carne-picada-cerdo-bandeja,mercadona-es,100251
832,960,https://tienda.mercadona.es/product/2871/albondigas-cerdo-bandeja,mercadona-es,100252
833,1296,https://tienda.mercadona.es/product/4918/lomo-cerdo-iberico-bandeja,mercadona-es,100253
390,1375,https://www.dia.es/compra-online/despensa/salsas/mayonesa-y-otras-salsas/p/273805,dia-es,100254
834,1375,https://tienda.mercadona.es/product/2811/costillas-cerdo-carnosas-tacos-bandeja,mercadona-es,100255
391,1376,https://www.dia.es/compra-online/despensa/salsas/mayonesa-y-otras-salsas/p/278955,dia-es,100256
835,1376,https://tienda.mercadona.es/product/3395/filetes-lomo-cerdo-familiar-bandeja,mercadona-es,100257
392,1377,https://www.dia.es/compra-online/despensa/salsas/mayonesa-y-otras-salsas/p/282343,dia-es,100258
836,1377,https://tienda.mercadona.es/product/3491/costilla-cerdo-churrasco-pieza,mercadona-es,100259
393,1378,https://www.dia.es/compra-online/despensa/salsas/mayonesa-y-otras-salsas/p/282425,dia-es,100260
837,1378,https://tienda.mercadona.es/product/2817/filetes-lomo-cerdo-cabeza-bandeja,mercadona-es,100261
394,1379,https://www.dia.es/compra-online/despensa/salsas/mayonesa-y-otras-salsas/p/283118,dia-es,100262
838,1379,https://tienda.mercadona.es/product/2685/secreto-cerdo-bandeja,mercadona-es,100263
395,1380,https://www.dia.es/compra-online/despensa/salsas/mayonesa-y-otras-salsas/p/284481,dia-es,100264
839,1380,https://tienda.mercadona.es/product/53130/manteca-cerdo-mont-palau-cocinar-tarrina,mercadona-es,100265
100,1381,https://www.carrefour.es/supermercado/gaseosa-la-casera-limon-0-calorias-y-azucares-lata-33-cl/R-VC4AECOMM-668695/p,carrefour-es,100266
396,1381,https://www.dia.es/compra-online/despensa/salsas/mayonesa-y-otras-salsas/p/284524,dia-es,100267
840,1381,https://tienda.mercadona.es/product/2819/filetes-cerdo-magro-jamon-bandeja,mercadona-es,100268
397,1382,https://www.dia.es/compra-online/despensa/salsas/mayonesa-y-otras-salsas/p/286960,dia-es,100269
841,1382,https://tienda.mercadona.es/product/2859/filetes-higado-cerdo-bandeja,mercadona-es,100270
398,1383,https://www.dia.es/compra-online/despensa/salsas/mayonesa-y-otras-salsas/p/285507,dia-es,100271
842,1383,https://tienda.mercadona.es/product/2678/libritos-lomo-cerdo-bandeja,mercadona-es,100272
843,1384,https://tienda.mercadona.es/product/2858/sesos-cerdo-bandeja,mercadona-es,100273
844,1410,https://tienda.mercadona.es/product/53030/salchichas-cocidas-estilo-viena-con-queso-hacendado-pollo-cerdo-sabor-ahumado-pack-2,mercadona-es,100274
845,1411,https://tienda.mercadona.es/product/53015/salchichas-cocidas-hot-dog-bocadillo-oscar-mayer-classic-pollo-cerdo-sabor-ahumado-paquete,mercadona-es,100275
846,1413,https://tienda.mercadona.es/product/53143/salchichas-cocidas-bocata-gourmet-hacendado-cerdo-sabor-ahumado-pack-2,mercadona-es,100276
847,1414,https://tienda.mercadona.es/product/53127/salchichas-cocidas-pikante-schara-cerdo-ahumadas-paquete,mercadona-es,100277
407,1437,https://www.dia.es/compra-online/despensa/cocina-internacional/mejicana/p/118963,dia-es,100278
848,1437,https://tienda.mercadona.es/product/53141/salchichas-cocidas-estilo-frankfurt-hacendado-pollo-cerdo-sabor-ahumado-pack-4,mercadona-es,100279
849,1438,https://tienda.mercadona.es/product/53012/salchichas-cocidas-schara-cerdo-ahumadas-pack-2,mercadona-es,100280
850,1439,https://tienda.mercadona.es/product/52884/salchichas-cocidas-con-leche-campofrio-pollo-cerdo-pavo-paquete,mercadona-es,100281
956,1439,https://tienda.mercadona.es/product/52884/salchichas-cocidas-con-leche-campofrio-pollo-cerdo-pavo-paquete,mercadona-es,100282
851,1440,https://tienda.mercadona.es/product/53100/salchichas-cocidas-estilo-frankfurt-con-queso-hacendado-pollo-cerdo-sabor-ahumado-pack-4,mercadona-es,100283
852,1794,https://tienda.mercadona.es/product/13710/codillo-cerdo-asado-hacendado-paquete,mercadona-es,100284
853,1796,https://tienda.mercadona.es/product/80884/costillas-cerdo-barbacoa-cortadas-hacendado-bote,mercadona-es,100285
854,2052,https://tienda.mercadona.es/product/2228/solomillo-cerdo-marinado-congelado-paquete,mercadona-es,100286
855,2063,https://tienda.mercadona.es/product/2872/burger-vacuno-cerdo-bandeja,mercadona-es,100287
856,2065,https://tienda.mercadona.es/product/4155/burger-vacuno-cerdo-con-jamon-cebolla-caramelizada-bandeja,mercadona-es,100288
857,2067,https://tienda.mercadona.es/product/10453/mini-burgers-vacuno-cerdo-bandeja,mercadona-es,100289
858,2072,https://tienda.mercadona.es/product/3453/preparado-carne-picada-vacuno-cerdo-bandeja,mercadona-es,100290
859,2073,https://tienda.mercadona.es/product/3451/preparado-carne-picada-cerdo-bandeja,mercadona-es,100291
860,2080,https://tienda.mercadona.es/product/21119/san-jacobos-cerdo-sin-gluten-bandeja,mercadona-es,100292
861,2082,https://tienda.mercadona.es/product/2839/pinchos-cerdo-sin-varilla-bandeja,mercadona-es,100293
862,2084,https://tienda.mercadona.es/product/23308/fiambre-magro-cerdo-adobado-paquete,mercadona-es,100294
863,2085,https://tienda.mercadona.es/product/1564/costilla-cerdo-iberico-adobada-bandeja,mercadona-es,100295
864,2088,https://tienda.mercadona.es/product/2715/lomo-cerdo-adobado-bandeja,mercadona-es,100296
865,2091,https://tienda.mercadona.es/product/4152/medallones-preparado-solomillo-cerdo-provenzal-bandeja,mercadona-es,100297
866,2096,https://tienda.mercadona.es/product/21168/filetes-cerdo-empanados-sin-gluten-bandeja,mercadona-es,100298
867,2099,https://tienda.mercadona.es/product/1886/lomo-cerdo-iberico-adobado-paquete,mercadona-es,100299
275,2100,https://www.dia.es/compra-online/mascotas/gatos/p/146349,dia-es,100300
868,2100,https://tienda.mercadona.es/product/2185/oreja-cerdo-cocida-adobada-rogusa-paquete,mercadona-es,100301
869,2102,https://tienda.mercadona.es/product/5046/lomo-cerdo-adobado-familiar-bandeja,mercadona-es,100302
870,2122,https://tienda.mercadona.es/product/2840/pinchos-cerdo-con-varilla-bandeja,mercadona-es,100303
871,2124,https://tienda.mercadona.es/product/23305/chuletas-cerdo-sajonia-bandeja,mercadona-es,100304
1014,2124,https://tienda.mercadona.es/product/23305/chuletas-cerdo-sajonia-bandeja,mercadona-es,100305
872,2126,https://tienda.mercadona.es/product/3455/pincho-amarillo-cerdo-con-perejil-bandeja,mercadona-es,100306
479,2128,https://www.dia.es/compra-online/bebidas/cervezas/con-limon/p/207565,dia-es,100307
873,2128,https://tienda.mercadona.es/product/23307/fiambre-magreta-cerdo-adobada-bandeja,mercadona-es,100308
481,2130,https://www.dia.es/compra-online/bebidas/cervezas/con-limon/p/249193,dia-es,100309
874,2130,https://tienda.mercadona.es/product/21272/libritos-cerdo-rellenos-pimiento-verde-jamon-curado-empanados-sin-gluten-bandeja,mercadona-es,100310
875,2530,https://tienda.mercadona.es/product/4901/chuletas-lomo-cerdo-bandeja,mercadona-es,100311
876,2531,https://tienda.mercadona.es/product/4351/solomillo-cerdo-marinado-con-romero-bandeja,mercadona-es,100312
877,2532,https://tienda.mercadona.es/product/4949/lagarto-cerdo-bandeja,mercadona-es,100313
878,2533,https://tienda.mercadona.es/product/4854/costilla-cerdo-tiras-bandeja,mercadona-es,100314
879,2534,https://tienda.mercadona.es/product/3554/pieza-magro-cabeza-cerdo-pieza,mercadona-es,100315
880,2589,https://tienda.mercadona.es/product/52307/pate-cerdo-con-finas-hierbas-hacendado-tarro,mercadona-es,100316
881,2590,https://tienda.mercadona.es/product/52099/pate-cerdo-con-pimienta-verde-hacendado-bandeja,mercadona-es,100317
882,2591,https://tienda.mercadona.es/product/52334/pate-cerdo-campana-hacendado-tarro,mercadona-es,100318
883,2592,https://tienda.mercadona.es/product/52100/pate-cerdo-con-finas-hierbas-hacendado-bandeja,mercadona-es,100319
884,2594,https://tienda.mercadona.es/product/52183/pate-cerdo-light-hacendado-pack-2,mercadona-es,100320
885,2597,https://tienda.mercadona.es/product/52177/pate-cerdo-sabor-intenso-hacendado-pack-3,mercadona-es,100321
886,2607,https://tienda.mercadona.es/product/86468/pate-cerdo-iberico-hacendado-pimenton-vera-tarro,mercadona-es,100322
887,2627,https://tienda.mercadona.es/product/52178/pate-cerdo-iberico-hacendado-pack-3,mercadona-es,100323
888,2628,https://tienda.mercadona.es/product/52157/pate-cerdo-pollo-con-trufa-arandanos-hacendado-paquete,mercadona-es,100324
889,2629,https://tienda.mercadona.es/product/86198/pate-cerdo-hacendado-con-cebolla-caramelizada-lata,mercadona-es,100325
890,2630,https://tienda.mercadona.es/product/52172/pate-cerdo-campana-hacendado-bandeja,mercadona-es,100326
891,2635,https://tienda.mercadona.es/product/52179/pate-cerdo-sabor-picante-hacendado-pack-2,mercadona-es,100327
892,3559,https://tienda.mercadona.es/product/84971/gyozas-cerdo-verduras-bandeja,mercadona-es,100328
893,4077,https://tienda.mercadona.es/product/52051/magro-cerdo-cocido-coren-lata,mercadona-es,100329
894,4079,https://tienda.mercadona.es/product/59333/chopped-cerdo-hacendado-lonchas-paquete,mercadona-es,100330
895,4123,https://tienda.mercadona.es/product/58006/paleta-cerdo-curada-marpa-pieza,mercadona-es,100331
766,4464,https://www.dia.es/compra-online/despensa/desayunos-y-dulces/cereales/p/135900,dia-es,100332
896,4464,https://tienda.mercadona.es/product/2714/filetes-lomo-cerdo-bandeja,mercadona-es,100333
767,4465,https://www.dia.es/compra-online/despensa/desayunos-y-dulces/cereales/p/149577,dia-es,100334
897,4465,https://tienda.mercadona.es/product/2810/carrillada-cerdo-bandeja,mercadona-es,100335
898,4468,https://tienda.mercadona.es/product/2812/media-careta-cerdo-sin-oreja-bandeja,mercadona-es,100336
769,4469,https://www.dia.es/compra-online/despensa/desayunos-y-dulces/cereales/p/43947,dia-es,100337
899,4469,https://tienda.mercadona.es/product/2684/codillo-cerdo-bandeja,mercadona-es,100338
900,4470,https://tienda.mercadona.es/product/4915/presa-cerdo-iberico-bandeja,mercadona-es,100339
770,4471,https://www.dia.es/compra-online/despensa/desayunos-y-dulces/cereales/p/67929,dia-es,100340
901,4471,https://tienda.mercadona.es/product/4919/secreto-cerdo-iberico-bandeja,mercadona-es,100341
771,4472,https://www.dia.es/compra-online/despensa/desayunos-y-dulces/cereales/p/74306,dia-es,100342
902,4472,https://tienda.mercadona.es/product/4917/solomillo-cerdo-iberico-bandeja,mercadona-es,100343
903,4473,https://tienda.mercadona.es/product/4900/chuletas-aguja-cerdo-bandeja,mercadona-es,100344
904,4474,https://tienda.mercadona.es/product/4570/solomillo-cerdo-paquete,mercadona-es,100345
905,4475,https://tienda.mercadona.es/product/2570/oreja-cerdo-bandeja,mercadona-es,100346
906,4476,https://tienda.mercadona.es/product/1154/codillo-cerdo-semicocido-estilo-aleman,mercadona-es,100347
772,4477,https://www.dia.es/compra-online/despensa/desayunos-y-dulces/cereales/p/283097,dia-es,100348
907,4477,https://tienda.mercadona.es/product/2849/filetes-lomo-cerdo-extra-tiernos-bandeja,mercadona-es,100349
908,4478,https://tienda.mercadona.es/product/4590/lomo-cerdo-trozo-pieza,mercadona-es,100350
909,4532,https://tienda.mercadona.es/product/52176/pate-cerdo-sabor-suave-hacendado-pack-3,mercadona-es,100351
910,4533,https://tienda.mercadona.es/product/52311/pate-cerdo-con-pimienta-hacendado-tarro,mercadona-es,100352
850,1439,https://tienda.mercadona.es/product/52884/salchichas-cocidas-con-leche-campofrio-pollo-cerdo-pavo-paquete,mercadona-es,100353
956,1439,https://tienda.mercadona.es/product/52884/salchichas-cocidas-con-leche-campofrio-pollo-cerdo-pavo-paquete,mercadona-es,100354
871,2124,https://tienda.mercadona.es/product/23305/chuletas-cerdo-sajonia-bandeja,mercadona-es,100355
1014,2124,https://tienda.mercadona.es/product/23305/chuletas-cerdo-sajonia-bandeja,mercadona-es,100356
233,994,https://www.dia.es/compra-online/platos-preparados/tortillas/p/267420,dia-es,100357
234,999,https://www.dia.es/compra-online/platos-preparados/legumbres/p/27933,dia-es,100358
235,1029,https://www.dia.es/compra-online/frescos/charcuteria-y-quesos/curados/p/286351,dia-es,100359
236,1030,https://www.dia.es/compra-online/frescos/charcuteria-y-quesos/curados/p/15976,dia-es,100360
237,1035,https://www.dia.es/compra-online/frescos/charcuteria-y-quesos/curados/p/190572,dia-es,100361
238,1037,https://www.dia.es/compra-online/frescos/charcuteria-y-quesos/curados/p/188383,dia-es,100362
239,1041,https://www.dia.es/compra-online/frescos/charcuteria-y-quesos/curados/p/219299,dia-es,100363
240,1046,https://www.dia.es/compra-online/frescos/charcuteria-y-quesos/curados/p/273976,dia-es,100364
241,1049,https://www.dia.es/compra-online/frescos/charcuteria-y-quesos/curados/p/273988,dia-es,100365
242,1050,https://www.dia.es/compra-online/frescos/charcuteria-y-quesos/curados/p/273991,dia-es,100366
244,1056,https://www.dia.es/compra-online/frescos/charcuteria-y-quesos/curados/p/273994,dia-es,100367
271,1056,https://www.dia.es/compra-online/frescos/charcuteria-y-quesos/curados/p/273994,dia-es,100368
245,1067,https://www.dia.es/compra-online/frescos/charcuteria-y-quesos/curados/p/188384,dia-es,100369
246,1071,https://www.dia.es/compra-online/frescos/charcuteria-y-quesos/curados/p/219307,dia-es,100370
247,1072,https://www.dia.es/compra-online/frescos/charcuteria-y-quesos/curados/p/229189,dia-es,100371
248,1076,https://www.dia.es/compra-online/frescos/charcuteria-y-quesos/curados/p/273977,dia-es,100372
249,1081,https://www.dia.es/compra-online/frescos/charcuteria-y-quesos/curados/p/273980,dia-es,100373
50,1091,https://www.carrefour.es/supermercado/tarrito-de-pavo-con-verduras-desde-6-meses-ecologico-smileat-sin-gluten-230-g/R-846800388/p,carrefour-es,100374
250,1091,https://www.dia.es/compra-online/frescos/charcuteria-y-quesos/curados/p/273984,dia-es,100375
251,1092,https://www.dia.es/compra-online/frescos/charcuteria-y-quesos/curados/p/273979,dia-es,100376
252,1093,https://www.dia.es/compra-online/frescos/charcuteria-y-quesos/curados/p/273996,dia-es,100377
253,1123,https://www.dia.es/compra-online/frescos/charcuteria-y-quesos/curados/p/273978,dia-es,100378
254,1124,https://www.dia.es/compra-online/frescos/charcuteria-y-quesos/curados/p/273985,dia-es,100379
255,1510,https://www.dia.es/compra-online/platos-preparados/pastas-y-arroces/p/266360,dia-es,100380
256,2553,https://www.dia.es/compra-online/frescos/charcuteria-y-quesos/curados/p/51728,dia-es,100381
257,2555,https://www.dia.es/compra-online/frescos/charcuteria-y-quesos/curados/p/284228,dia-es,100382
1243,2555,https://tienda.mercadona.es/product/9351/cereales-rellenos-chocolate-negro-hacendado-paquete,mercadona-es,100383
258,3000,https://www.dia.es/compra-online/platos-preparados/carne/p/278679,dia-es,100384
259,3001,https://www.dia.es/compra-online/platos-preparados/carne/p/184886,dia-es,100385
919,3001,https://tienda.mercadona.es/product/81928/bacalao-punto-sal-bandeja,mercadona-es,100386
260,3038,https://www.dia.es/compra-online/frescos/carne/cerdo/p/273359,dia-es,100387
261,4571,https://www.dia.es/compra-online/despensa/conservas/conservas-de-carne/p/33811,dia-es,100388
244,1056,https://www.dia.es/compra-online/frescos/charcuteria-y-quesos/curados/p/273994,dia-es,100389
271,1056,https://www.dia.es/compra-online/frescos/charcuteria-y-quesos/curados/p/273994,dia-es,100390
924,1809,https://tienda.mercadona.es/product/80773/tortilla-patata-con-chorizo-hacendado-con-aceite-oliva-bandeja,mercadona-es,100391
925,2576,https://tienda.mercadona.es/product/55135/taquitos-chorizo-revilla-pack-2,mercadona-es,100392
926,2580,https://tienda.mercadona.es/product/58247/mini-chorizo-iberico-extra-hacienda-iberico-pieza,mercadona-es,100393
927,4582,https://tienda.mercadona.es/product/63586/pizza-chorizo-hacendado-ultracongelada,mercadona-es,100394
74,1329,https://www.carrefour.es/supermercado/helado-de-nueces-de-macadamia-haagen-dazs-sin-gluten-460-ml/R-prod1000093/p,carrefour-es,100395
174,2300,https://www.carrefour.es/supermercado/mini-bombon-helado-de-caramelo-con-nueces-pecanas-vainilla-almendrado-y-chocolate-blanco-con-frutos-rojos-nuii-6-ud/R-VC4AECOMM-724154/p,carrefour-es,100396
360,55,https://www.dia.es/compra-online/despensa/dieteticos/complementos-nutricionales/p/287449,dia-es,100397
361,1651,https://www.dia.es/compra-online/despensa/lacteos-y-huevos/yogures/p/221417,dia-es,100398
362,1658,https://www.dia.es/compra-online/despensa/lacteos-y-huevos/yogures/p/252335,dia-es,100399
363,1665,https://www.dia.es/compra-online/despensa/lacteos-y-huevos/yogures/p/262839,dia-es,100400
364,2658,https://www.dia.es/compra-online/despensa/lacteos-y-huevos/leche/p/121677,dia-es,100401
1049,2658,https://tienda.mercadona.es/product/61358/risotto-champinones-hacendado-ultracongelados-paquete,mercadona-es,100402
365,3116,https://www.dia.es/compra-online/despensa/lacteos-y-huevos/yogures/p/272513,dia-es,100403
366,3421,https://www.dia.es/compra-online/despensa/aperitivos/p/271614,dia-es,100404
367,3468,https://www.dia.es/compra-online/despensa/aperitivos/p/274266,dia-es,100405
368,3577,https://www.dia.es/compra-online/congelados/helados/p/271064,dia-es,100406
369,3836,https://www.dia.es/compra-online/cuidado-personal/bano-e-higiene-personal/geles-de-duchas-y-esponjas/p/273963,dia-es,100407
370,5138,https://www.dia.es/compra-online/despensa/aperitivos/p/214775,dia-es,100408
371,569,https://www.dia.es/compra-online/mascotas/gatos/p/210964,dia-es,100409
1039,569,https://tienda.mercadona.es/product/84458/trenza-con-nueces-4-pieza,mercadona-es,100410
1040,589,https://tienda.mercadona.es/product/84904/bizcocho-con-azucar-moreno-nueces-bandeja,mercadona-es,100411
148,661,https://www.carrefour.es/supermercado/barritas-de-proteinas-sabor-chocolate-blanco-y-frambuesa-prozis-pack-de-6-barritas-de-30-g/R-prod840801/p,carrefour-es,100412
1041,661,https://tienda.mercadona.es/product/21329/bifidus-desnatado-con-nueces-cereales-hacendado-0-mg-pack-4,mercadona-es,100413
1042,1022,https://tienda.mercadona.es/product/51168/mousse-queso-nueces-hacendado-tarrina,mercadona-es,100414
1043,2677,https://tienda.mercadona.es/product/64104/helado-vainilla-praline-con-nueces-pecan-hacendado-tarrina,mercadona-es,100415
1044,2679,https://tienda.mercadona.es/product/64435/helado-vainilla-nueces-macadamia-hacendado-bote,mercadona-es,100416
1045,3066,https://tienda.mercadona.es/product/83843.1/pan-nueces-85,mercadona-es,100417
289,3081,https://www.dia.es/compra-online/frescos/charcuteria-y-quesos/cocidos/p/288206,dia-es,100418
1046,3081,https://tienda.mercadona.es/product/83843.2/pan-nueces-85-rebanado,mercadona-es,100419
505,3361,https://www.dia.es/compra-online/despensa/desayunos-y-dulces/infusiones/p/278699,dia-es,100420
1047,3361,https://tienda.mercadona.es/product/10281/bebida-lactea-omega-3-puleva-con-nueces-leche-desnatada-pack-6,mercadona-es,100421
1048,3386,https://tienda.mercadona.es/product/10282/bebida-lactea-omega-3-puleva-con-nueces-leche-desnatada-brick,mercadona-es,100422
415,2865,https://www.dia.es/compra-online/despensa/salsas/mayonesa-y-otras-salsas/p/282347,dia-es,100423
799,2865,https://tienda.mercadona.es/product/69744/ensalada-mezcla-gourmet-compuesta-escarola-rizada-radicchio-canonigos-paquete,mercadona-es,100424
417,2867,https://www.dia.es/compra-online/despensa/salsas/mayonesa-y-otras-salsas/p/284482,dia-es,100425
800,2867,https://tienda.mercadona.es/product/69810/ensalada-mezcla-brotes-tiernos-maxi-compuesto-batavia-roja-verde-lollo-rojo-espinacas-rucula-paquete,mercadona-es,100426
418,2868,https://www.dia.es/compra-online/despensa/salsas/mayonesa-y-otras-salsas/p/284483,dia-es,100427
801,2868,https://tienda.mercadona.es/product/69840/ensalada-mezcla-tierna-compuesta-lechuga-hoja-roble-verde-brotes-lechuga-batavia-roja-lechuga-trocadero-paquete,mercadona-es,100428
802,2870,https://tienda.mercadona.es/product/69697/ensalada-mezcla-duo-canonigos-rucula-paquete,mercadona-es,100429
423,2874,https://www.dia.es/compra-online/despensa/salsas/mayonesa-y-otras-salsas/p/1000,dia-es,100430
803,2874,https://tienda.mercadona.es/product/69714/ensalada-california-compuesta-mezcla-hortalizas-frescas-nueces-picatostes-bacon-cebolla-frita-uvas-pasas-salsa-miel-mostaza-incluye-tenedor-bol,mercadona-es,100431
804,2875,https://tienda.mercadona.es/product/69756/ensalada-casa-compuesta-escarola-lisa-achicoria-escarola-rizada-maiz-dulce-tomate-cherry-zanahoria-aceitunas-verdes-bol,mercadona-es,100432
424,2876,https://www.dia.es/compra-online/despensa/salsas/mayonesa-y-otras-salsas/p/120184,dia-es,100433
805,2876,https://tienda.mercadona.es/product/69872/ensalada-ensatun-compuesta-zanahoria-mozzarella-aceitunas-verdes-lechuga-iceberg-lechuga-hoja-roble-maiz-atun-aceite-vegetal-tomate-cherry-aceite-sal-vinagre-incluye-tenedor-bol,mercadona-es,100434
425,2877,https://www.dia.es/compra-online/despensa/salsas/mayonesa-y-otras-salsas/p/122840,dia-es,100435
806,2877,https://tienda.mercadona.es/product/69461/ensalada-pasta-compuesta-pasta-fiambre-jamon-pavo-salsa-yogur-incluye-tenedor-bol,mercadona-es,100436
807,2892,https://tienda.mercadona.es/product/69706/ensalada-mezcla-4-estaciones-compuesta-lechuga-iceberg-zanahoria-col-lombarda-paquete,mercadona-es,100437
808,2893,https://tienda.mercadona.es/product/69757/ensalada-mezcla-brotes-tiernos-compuesta-brotes-batavia-roja-verde-lollo-rojo-rucula-espinaca-baby-paquete,mercadona-es,100438
809,2897,https://tienda.mercadona.es/product/69741/ensalada-mezcla-gourmet-maxi-compuesta-escarola-rizada-canonigos-achicoria-paquete,mercadona-es,100439
810,2899,https://tienda.mercadona.es/product/69703/ensalada-mezcla-primavera-compuesta-escarola-lisa-escarola-rizada-achicoria-paquete,mercadona-es,100440
811,2900,https://tienda.mercadona.es/product/69750/ensalada-mezcla-fresca-compuesta-escarola-rizada-col-lombarda-rucula-espinacas-lechuga-lollo-rosso-paquete,mercadona-es,100441
812,2903,https://tienda.mercadona.es/product/69746/ensalada-cesar-compuesta-mezcla-hortalizas-pollo-queso-salsa-cesar-picatostes-incluye-tenedor-bol,mercadona-es,100442
813,2905,https://tienda.mercadona.es/product/69742/ensalada-mil-islas-compuesta-lechuga-iceberg-escarola-lisa-surimi-col-blanca-zanahoria-maiz-salsa-rosa-incluye-tenedor-bol,mercadona-es,100443
814,2906,https://tienda.mercadona.es/product/69884/ensalada-jamon-compuesta-jamon-curado-queso-curado-picatostes-con-tomate-oregano-aceite-sal-vinagre-incluye-tenedor-bol,mercadona-es,100444
815,2907,https://tienda.mercadona.es/product/69474/ensalada-queso-cabra-compuesta-brotes-manzana-queso-cabra-frutos-secos-vinagreta-balsamica-incluye-tenedor-bol,mercadona-es,100445
816,4606,https://tienda.mercadona.es/product/16106/ensalada-pimientos-piquillo-cidacos-pack-2,mercadona-es,100446
817,4633,https://tienda.mercadona.es/product/16750/ensalada-china-hacendado-con-mazorquitas-tarro,mercadona-es,100447
536,831,https://www.dia.es/compra-online/cuidado-personal/cuidado-corporal/crema-facial/p/276978,dia-es,100448
537,1142,https://www.dia.es/compra-online/frescos/frutas/frutas-tropicales/p/275009,dia-es,100449
538,1939,https://www.dia.es/compra-online/despensa/aceites-vinagres-y-alinos/aceites/p/280368,dia-es,100450
539,5283,https://www.dia.es/compra-online/cuidado-personal/bano-e-higiene-personal/champus/p/233300,dia-es,100451
540,5294,https://www.dia.es/compra-online/cuidado-personal/bano-e-higiene-personal/champus/p/271322,dia-es,100452
40,631,https://www.carrefour.es/supermercado/crema-de-calabaza-carrefour-bio-485-ml/R-VC4AECOMM-649566/p,carrefour-es,100453
41,659,https://www.carrefour.es/supermercado/semillas-de-lino-girasolcalabaza-sesamo-y-bayas-de-goji-molidas-ecologicas-linwoods-sin-gluten-200-g/R-759007973/p,carrefour-es,100454
42,1616,https://www.carrefour.es/supermercado/pipas-de-calabaza-crudas-peladas-ecologicas-carrefour-bio-doy-pack-125-g/R-VC4AECOMM-464423/p,carrefour-es,100455
262,21,https://www.dia.es/compra-online/despensa/pan/pan-de-molde/p/210477,dia-es,100456
263,1877,https://www.dia.es/compra-online/despensa/sopas/cremas-y-pures/p/27907,dia-es,100457
264,1907,https://www.dia.es/compra-online/despensa/sopas/cremas-y-pures/p/261930,dia-es,100458
265,4738,https://www.dia.es/compra-online/platos-preparados/verduras/p/173568,dia-es,100459
266,5114,https://www.dia.es/compra-online/despensa/aperitivos/p/251462,dia-es,100460
4,382,https://www.carrefour.es/supermercado/magro-de-cerdo-iberico-cocido-lourino-200-g/R-521016166/p,carrefour-es,100461
928,382,https://tienda.mercadona.es/product/3387/media-calabaza-cacahuete-12-pieza,mercadona-es,100462
582,1269,https://www.dia.es/compra-online/despensa/desayunos-y-dulces/chocolates-y-bombones/p/235055,dia-es,100463
929,1269,https://tienda.mercadona.es/product/34188/pipas-calabaza-natural-hacendado-peladas-paquete,mercadona-es,100464
590,1277,https://www.dia.es/compra-online/despensa/desayunos-y-dulces/chocolates-y-bombones/p/253602,dia-es,100465
930,1277,https://tienda.mercadona.es/product/34095/pipas-calabaza-tostadas-hacendado-aguasal-paquete,mercadona-es,100466
931,1282,https://tienda.mercadona.es/product/12012/combinado-frutos-secos-frutas-desecadas-semillas-calabaza-hacendado-ideal-ensaladas-pastas-bote,mercadona-es,100467
932,3624,https://tienda.mercadona.es/product/83869/pan-molde-semillas-pipas-calabaza-hacendado-paquete,mercadona-es,100468
933,4202,https://tienda.mercadona.es/product/23225/crema-calabaza-zanahoria-hacendado-bol,mercadona-es,100469
934,4236,https://tienda.mercadona.es/product/13499/crema-calabaza-hacendado-brick,mercadona-es,100470
935,4322,https://tienda.mercadona.es/product/6152/medialunas-frescas-calabaza-crema-quesos-bel-canto-bandeja,mercadona-es,100471
73,628,https://www.carrefour.es/supermercado/wok-de-tallarines-con-pollo-al-curry-carrefour-300-g/R-608701822/p,carrefour-es,100472
358,1474,https://www.dia.es/compra-online/despensa/cocina-internacional/otras/p/285600,dia-es,100473
359,2914,https://www.dia.es/compra-online/despensa/sal-y-especias/p/33380,dia-es,100474
1032,643,https://tienda.mercadona.es/product/23623/croquetas-caprichos-thai-hacendado-coliflor-leche-coco-curry-bandeja,mercadona-es,100475
1033,1792,https://tienda.mercadona.es/product/4498/pollo-curry-hacendado-con-arroz-basmati-bandeja,mercadona-es,100476
1034,3010,https://tienda.mercadona.es/product/82961/salmon-curry-hacendado-bandeja,mercadona-es,100477
1035,3011,https://tienda.mercadona.es/product/83346/salmon-curry-con-arroz-bandeja,mercadona-es,100478
917,89,https://tienda.mercadona.es/product/13787/bacalao-ahumado-hacendado-aceite-girasol-bandeja,mercadona-es,100479
918,2988,https://tienda.mercadona.es/product/82975/bacalao-estilo-pil-pil-bandeja,mercadona-es,100480
259,3001,https://www.dia.es/compra-online/platos-preparados/carne/p/184886,dia-es,100481
919,3001,https://tienda.mercadona.es/product/81928/bacalao-punto-sal-bandeja,mercadona-es,100482
920,3527,https://tienda.mercadona.es/product/81204.1/bacalao-rodajas-pieza,mercadona-es,100483
921,3528,https://tienda.mercadona.es/product/81204.2/bacalao-abierto-libro-sin-cabeza-sin-espina-pieza,mercadona-es,100484
922,3595,https://tienda.mercadona.es/product/81204.3/bacalao-media-pieza-rodajas-12-pieza,mercadona-es,100485
923,3596,https://tienda.mercadona.es/product/81204.4/bacalao-media-pieza-abierto-libro-sin-cabeza-sin-espina-12-pieza,mercadona-es,100486
38,518,https://www.carrefour.es/supermercado/bacalao-desalado-desmigado-procedente-de-pesca-sostenible-carrefour-250-g/R-prod73618/p,carrefour-es,100487
39,519,https://www.carrefour.es/supermercado/bacalao-dorado-marvanejo-sin-gluten-240-g/R-530067158/p,carrefour-es,100488
